"ID","Age","Attrition","BusinessTravel","DailyRate","Department","DistanceFromHome","Education","EducationField","EmployeeCount","EmployeeNumber","EnvironmentSatisfaction","Gender","HourlyRate","JobInvolvement","JobLevel","JobRole","JobSatisfaction","MaritalStatus","MonthlyRate","NumCompaniesWorked","Over18","OverTime","PercentSalaryHike","PerformanceRating","RelationshipSatisfaction","StandardHours","StockOptionLevel","TotalWorkingYears","TrainingTimesLastYear","WorkLifeBalance","YearsAtCompany","YearsInCurrentRole","YearsSinceLastPromotion","YearsWithCurrManager","MonthlyIncome"
"871",43,"No","Travel_Frequently",1422,"Sales",2,"Four","Life Sciences","1","1849","Low","Male",92,"High","Two","Sales Executive","Very High","Married",19246,1,"Y","No",20,"Outstanding","High","80","One",7,5,"Good",7,7,7,7,5664
"872",33,"No","Travel_Rarely",461,"Research & Development",13,"One","Life Sciences","1","995","Medium","Female",53,"High","One","Research Scientist","Very High","Single",17241,3,"Y","No",18,"Excellent","Low","80","Zero",5,4,"Good",3,2,0,2,2868
"873",55,"Yes","Travel_Rarely",267,"Sales",13,"Four","Marketing","1","1372","Low","Male",85,"Very High","Four","Sales Executive","High","Single",9277,6,"Y","Yes",17,"Excellent","High","80","Zero",24,2,"Better",19,7,3,8,13145
"874",36,"No","Non-Travel",1351,"Research & Development",9,"Four","Life Sciences","1","1949","Low","Male",66,"Very High","One","Laboratory Technician","Medium","Married",9238,1,"Y","No",22,"Outstanding","Medium","80","Zero",5,3,"Good",5,4,0,2,2395
"875",27,"No","Travel_Rarely",1302,"Research & Development",19,"Three","Other","1","1619","Very High","Male",67,"Medium","One","Laboratory Technician","Low","Divorced",16290,1,"Y","No",11,"Excellent","Low","80","Two",7,3,"Good",7,7,0,7,2848
"876",39,"Yes","Travel_Rarely",895,"Sales",5,"Three","Technical Degree","1","42","Very High","Male",56,"High","Two","Sales Representative","Very High","Married",3335,3,"Y","No",14,"Excellent","High","80","One",19,6,"Best",1,0,0,0,5075
"877",33,"No","Non-Travel",750,"Sales",22,"Two","Marketing","1","160","High","Male",95,"High","Two","Sales Executive","Medium","Married",15480,0,"Y","No",13,"Excellent","Low","80","One",8,2,"Best",7,7,0,7,5380
"878",21,"Yes","Travel_Frequently",251,"Research & Development",10,"Two","Life Sciences","1","1279","Low","Female",45,"Medium","One","Laboratory Technician","High","Single",25308,1,"Y","No",20,"Outstanding","High","80","Zero",2,2,"Bad",2,2,2,2,2310
"879",30,"No","Travel_Frequently",1312,"Research & Development",23,"Three","Life Sciences","1","159","Low","Male",96,"Low","One","Research Scientist","High","Divorced",22310,1,"Y","No",25,"Outstanding","High","80","Three",10,2,"Better",10,7,0,9,3117
"880",51,"No","Travel_Rarely",1405,"Research & Development",11,"Two","Technical Degree","1","1367","Very High","Female",82,"Medium","Four","Manufacturing Director","Medium","Single",24439,3,"Y","No",16,"Excellent","Medium","80","Zero",29,1,"Better",5,2,0,3,13542
"881",46,"Yes","Travel_Rarely",377,"Sales",9,"Three","Marketing","1","1457","Low","Male",52,"High","Three","Sales Executive","Very High","Divorced",15986,4,"Y","No",11,"Excellent","Low","80","One",28,1,"Best",7,7,4,3,9945
"882",40,"No","Travel_Rarely",329,"Research & Development",1,"Four","Life Sciences","1","1361","Medium","Male",88,"High","One","Laboratory Technician","Medium","Married",6762,3,"Y","No",22,"Outstanding","High","80","One",7,3,"Good",4,2,0,3,2700
"883",29,"No","Travel_Rarely",1176,"Sales",3,"Two","Medical","1","690","Medium","Female",62,"High","Two","Sales Executive","High","Married",3487,1,"Y","No",14,"Excellent","Low","80","One",6,5,"Better",6,0,1,2,5706
"884",27,"No","Travel_Frequently",829,"Sales",8,"One","Marketing","1","800","High","Male",84,"High","Two","Sales Executive","Very High","Married",24008,0,"Y","No",19,"Excellent","Medium","80","One",5,3,"Good",4,2,1,1,5475
"885",29,"No","Travel_Rarely",1210,"Sales",2,"Three","Medical","1","366","Low","Male",78,"Medium","Two","Sales Executive","Medium","Married",3687,2,"Y","No",19,"Excellent","Medium","80","Two",10,2,"Good",0,0,0,0,5910
"886",22,"Yes","Travel_Rarely",617,"Research & Development",3,"One","Life Sciences","1","926","Medium","Female",34,"High","Two","Manufacturing Director","High","Married",10022,0,"Y","Yes",19,"Excellent","Low","80","One",4,3,"Best",3,2,0,2,5498
"887",29,"No","Travel_Rarely",726,"Research & Development",29,"One","Life Sciences","1","1859","Very High","Male",93,"Low","Two","Healthcare Representative","High","Divorced",21143,8,"Y","No",17,"Excellent","Very High","80","Two",11,3,"Good",7,0,1,6,5977
"888",34,"No","Travel_Rarely",167,"Research & Development",8,"Five","Life Sciences","1","775","Medium","Female",32,"High","Two","Manufacturing Director","Low","Divorced",4187,3,"Y","No",14,"Excellent","High","80","One",7,3,"Good",0,0,0,0,5579
"889",31,"No","Travel_Rarely",655,"Research & Development",7,"Four","Life Sciences","1","76","Very High","Male",48,"High","Two","Laboratory Technician","Very High","Divorced",9528,3,"Y","No",22,"Outstanding","Very High","80","One",10,3,"Better",7,7,1,7,4526
"890",35,"No","Travel_Rarely",528,"Human Resources",8,"Four","Technical Degree","1","1164","High","Male",100,"High","One","Human Resources","High","Single",7108,1,"Y","No",17,"Excellent","Medium","80","Zero",6,2,"Bad",5,4,1,4,2937
"891",40,"No","Travel_Rarely",523,"Research & Development",2,"Three","Life Sciences","1","1346","High","Male",98,"High","Two","Research Scientist","Very High","Single",22455,1,"Y","No",13,"Excellent","High","80","Zero",9,4,"Good",9,8,8,8,4704
"892",30,"No","Travel_Rarely",1288,"Sales",29,"Four","Technical Degree","1","1568","High","Male",33,"High","Three","Sales Executive","Medium","Married",17799,3,"Y","No",12,"Excellent","Medium","80","One",9,3,"Good",4,2,1,3,9138
"893",46,"Yes","Travel_Rarely",669,"Sales",9,"Two","Medical","1","118","High","Male",64,"Medium","Three","Sales Executive","Very High","Single",13596,1,"Y","No",16,"Excellent","Very High","80","Zero",9,3,"Good",9,8,4,7,9044
"894",27,"No","Travel_Frequently",1410,"Sales",3,"One","Medical","1","714","Very High","Female",71,"Very High","Two","Sales Executive","Very High","Divorced",16673,1,"Y","Yes",20,"Outstanding","Medium","80","Two",6,3,"Good",6,5,0,4,5613
"895",49,"No","Travel_Rarely",1490,"Research & Development",7,"Four","Life Sciences","1","1484","High","Male",35,"High","Three","Healthcare Representative","Medium","Divorced",20948,3,"Y","No",14,"Excellent","Medium","80","Two",29,3,"Good",8,7,0,7,10255
"896",46,"No","Travel_Rarely",706,"Research & Development",2,"Two","Life Sciences","1","1857","Very High","Male",82,"High","Three","Manufacturing Director","Very High","Divorced",19989,3,"Y","No",14,"Excellent","High","80","One",12,4,"Better",9,8,4,7,9175
"897",33,"Yes","Travel_Rarely",211,"Sales",16,"Three","Life Sciences","1","1758","Low","Female",74,"High","Three","Sales Executive","Low","Single",10092,2,"Y","Yes",20,"Outstanding","High","80","Zero",11,2,"Better",0,0,0,0,9074
"898",42,"No","Non-Travel",495,"Research & Development",2,"One","Life Sciences","1","1334","High","Male",37,"High","Four","Manager","High","Married",26582,0,"Y","Yes",13,"Excellent","Very High","80","Zero",21,3,"Better",20,8,2,10,15906
"899",34,"No","Travel_Rarely",507,"Sales",15,"Two","Medical","1","1356","High","Female",66,"High","Two","Sales Executive","Low","Single",23553,1,"Y","No",12,"Excellent","Very High","80","Zero",10,6,"Best",10,8,9,6,5804
"900",36,"No","Travel_Rarely",329,"Research & Development",2,"Three","Life Sciences","1","501","Very High","Female",96,"High","One","Research Scientist","High","Married",11868,4,"Y","No",13,"Excellent","Medium","80","One",6,3,"Good",2,2,2,2,2898
"901",27,"No","Travel_Rarely",591,"Research & Development",2,"One","Medical","1","7","Low","Male",40,"High","One","Laboratory Technician","Medium","Married",16632,9,"Y","No",12,"Excellent","Very High","80","One",6,3,"Good",2,2,2,2,2690
"902",44,"No","Travel_Frequently",383,"Sales",1,"Five","Marketing","1","1481","Low","Female",79,"High","Two","Sales Executive","High","Married",9282,7,"Y","No",12,"Excellent","High","80","One",11,4,"Better",1,0,0,0,5706
"903",48,"No","Travel_Rarely",492,"Sales",16,"Four","Life Sciences","1","1557","High","Female",96,"High","Two","Sales Executive","High","Divorced",13693,8,"Y","No",14,"Excellent","High","80","One",18,2,"Good",8,7,7,7,6200
"904",40,"No","Travel_Rarely",543,"Research & Development",1,"Four","Life Sciences","1","2012","Low","Male",83,"High","One","Laboratory Technician","Very High","Married",4060,8,"Y","No",19,"Excellent","High","80","Two",8,3,"Better",1,0,0,0,2782
"905",45,"No","Travel_Rarely",1234,"Sales",11,"Two","Life Sciences","1","1045","Very High","Female",90,"High","Four","Manager","Very High","Married",5404,3,"Y","No",13,"Excellent","Medium","80","One",26,4,"Best",9,3,1,1,16627
"906",33,"No","Travel_Frequently",970,"Sales",7,"Three","Life Sciences","1","1114","Very High","Female",30,"High","Two","Sales Executive","Medium","Married",13401,0,"Y","No",17,"Excellent","High","80","One",4,3,"Good",3,2,0,2,5446
"907",46,"No","Travel_Frequently",638,"Research & Development",1,"Three","Medical","1","124","High","Male",40,"Medium","Three","Healthcare Representative","Low","Married",3142,2,"Y","Yes",13,"Excellent","High","80","One",21,5,"Better",10,9,9,5,9598
"908",37,"No","Travel_Rarely",1192,"Research & Development",5,"Two","Medical","1","460","Very High","Male",61,"High","Two","Manufacturing Director","Very High","Divorced",23177,7,"Y","No",16,"Excellent","High","80","Two",8,2,"Better",6,2,0,4,5784
"909",28,"Yes","Travel_Rarely",1434,"Research & Development",5,"Four","Technical Degree","1","65","High","Male",50,"High","One","Laboratory Technician","High","Single",11179,1,"Y","Yes",13,"Excellent","High","80","Zero",2,3,"Better",2,2,2,2,2619
"910",32,"No","Travel_Rarely",827,"Research & Development",1,"One","Life Sciences","1","134","Very High","Male",71,"High","One","Research Scientist","Low","Single",15178,1,"Y","No",13,"Excellent","Very High","80","Zero",1,2,"Good",1,0,0,0,2725
"911",43,"No","Travel_Rarely",920,"Research & Development",3,"Three","Life Sciences","1","1255","High","Male",96,"Low","Five","Research Director","Very High","Married",18625,3,"Y","No",14,"Excellent","Medium","80","One",25,2,"Good",8,7,0,7,19235
"912",38,"No","Travel_Frequently",1444,"Human Resources",1,"Four","Other","1","1972","Very High","Male",88,"High","One","Human Resources","Medium","Married",5224,0,"Y","Yes",11,"Excellent","Medium","80","One",7,2,"Good",6,2,1,2,2996
"913",40,"No","Travel_Rarely",616,"Research & Development",2,"Two","Life Sciences","1","1802","High","Female",99,"High","One","Laboratory Technician","Low","Married",25605,4,"Y","No",17,"Excellent","Very High","80","One",7,5,"Better",4,3,0,2,2744
"914",34,"No","Travel_Rarely",1354,"Research & Development",5,"Three","Medical","1","153","High","Female",45,"Medium","Three","Manager","Low","Single",5615,2,"Y","No",12,"Excellent","Very High","80","Zero",14,6,"Good",11,10,5,8,12633
"915",41,"No","Travel_Rarely",549,"Research & Development",7,"Two","Medical","1","1025","Very High","Female",42,"High","Two","Manufacturing Director","High","Single",23371,6,"Y","No",14,"Excellent","Medium","80","Zero",8,6,"Good",2,2,2,1,5687
"916",23,"No","Travel_Rarely",507,"Research & Development",20,"One","Life Sciences","1","1533","Low","Male",97,"High","Two","Laboratory Technician","High","Single",24812,0,"Y","No",14,"Excellent","Medium","80","Zero",5,2,"Good",4,3,1,2,4255
"917",28,"No","Travel_Rarely",1217,"Research & Development",1,"Three","Medical","1","1834","High","Female",67,"High","One","Research Scientist","Low","Married",12719,1,"Y","No",25,"Outstanding","High","80","One",3,3,"Good",3,2,1,2,2883
"918",26,"No","Travel_Rarely",572,"Sales",10,"Three","Medical","1","1836","High","Male",46,"High","Two","Sales Executive","Very High","Single",9125,1,"Y","No",13,"Excellent","Low","80","Zero",5,4,"Good",5,3,1,2,5565
"919",28,"No","Travel_Rarely",1144,"Sales",10,"One","Medical","1","1056","Very High","Male",74,"High","One","Sales Representative","Medium","Married",23384,1,"Y","No",22,"Outstanding","Medium","80","Zero",1,5,"Good",1,0,0,0,2589
"920",59,"No","Travel_Rarely",1324,"Research & Development",3,"Three","Medical","1","10","High","Female",81,"Very High","One","Laboratory Technician","Low","Married",9964,4,"Y","Yes",20,"Outstanding","Low","80","Three",12,3,"Better",1,0,0,0,3100
"921",30,"No","Travel_Rarely",413,"Sales",7,"One","Marketing","1","585","Very High","Male",57,"High","One","Sales Representative","Medium","Single",18398,0,"Y","No",14,"Excellent","Low","80","Zero",4,3,"Good",3,2,1,2,2628
"922",35,"No","Travel_Rarely",1229,"Research & Development",8,"One","Life Sciences","1","63","Very High","Male",36,"Very High","One","Laboratory Technician","Very High","Married",4892,1,"Y","No",19,"Excellent","Very High","80","Zero",1,2,"Good",1,0,0,1,2538
"923",36,"Yes","Travel_Rarely",660,"Research & Development",15,"Three","Other","1","1052","Low","Male",81,"High","Two","Laboratory Technician","High","Divorced",7858,7,"Y","No",14,"Excellent","Medium","80","One",9,3,"Better",1,0,0,0,4477
"924",42,"No","Non-Travel",179,"Human Resources",2,"Five","Medical","1","1231","Very High","Male",79,"Very High","Two","Human Resources","Low","Married",12858,7,"Y","No",16,"Excellent","Low","80","One",10,3,"Best",4,3,0,3,4350
"925",54,"No","Travel_Rarely",584,"Research & Development",22,"Five","Medical","1","1665","Medium","Female",91,"High","Four","Manager","High","Married",18685,3,"Y","No",25,"Outstanding","High","80","One",36,6,"Good",10,8,4,7,17027
"926",40,"No","Travel_Rarely",1171,"Research & Development",10,"Four","Life Sciences","1","483","Very High","Female",46,"Very High","One","Laboratory Technician","High","Married",22495,3,"Y","Yes",13,"Excellent","High","80","One",10,3,"Good",7,7,1,7,2977
"927",32,"No","Travel_Rarely",604,"Sales",8,"Three","Medical","1","1304","High","Male",56,"Very High","Two","Sales Executive","Very High","Married",11693,1,"Y","No",15,"Excellent","High","80","Two",10,4,"Best",10,7,0,8,5819
"928",38,"No","Travel_Rarely",201,"Research & Development",10,"Three","Medical","1","2015","Medium","Female",99,"Low","Three","Research Director","High","Married",3376,3,"Y","No",12,"Excellent","Low","80","One",20,3,"Good",18,16,1,11,12817
"929",22,"No","Non-Travel",1123,"Research & Development",16,"Two","Medical","1","22","Very High","Male",96,"Very High","One","Laboratory Technician","Very High","Divorced",7324,1,"Y","Yes",13,"Excellent","Medium","80","Two",1,2,"Better",1,0,0,0,2161
"930",32,"No","Travel_Frequently",1005,"Research & Development",2,"Two","Life Sciences","1","8","Very High","Male",79,"High","One","Laboratory Technician","Very High","Single",11864,0,"Y","No",13,"Excellent","High","80","Zero",8,2,"Better",7,7,3,6,2723
"931",34,"No","Non-Travel",1375,"Sales",10,"Three","Life Sciences","1","1774","Very High","Male",87,"High","Two","Sales Executive","High","Divorced",12313,1,"Y","Yes",14,"Excellent","High","80","One",15,3,"Good",15,14,0,7,5824
"932",32,"No","Travel_Rarely",1018,"Research & Development",3,"Two","Life Sciences","1","727","High","Female",39,"High","Three","Research Director","Very High","Single",19373,3,"Y","No",15,"Excellent","Very High","80","Zero",10,6,"Good",7,7,7,7,12443
"933",41,"No","Travel_Rarely",645,"Sales",1,"Three","Marketing","1","534","Medium","Male",49,"Very High","Three","Sales Executive","Low","Married",19566,1,"Y","No",16,"Excellent","High","80","One",10,2,"Good",10,7,0,7,9090
"934",58,"Yes","Travel_Frequently",781,"Research & Development",2,"One","Life Sciences","1","918","Very High","Male",57,"Medium","One","Laboratory Technician","Very High","Divorced",13384,9,"Y","Yes",14,"Excellent","Very High","80","One",3,3,"Better",1,0,0,0,2440
"935",20,"Yes","Travel_Rarely",129,"Research & Development",4,"Three","Technical Degree","1","960","Low","Male",84,"High","One","Laboratory Technician","Low","Single",13008,1,"Y","No",19,"Excellent","Medium","80","Zero",1,2,"Good",1,0,0,0,2371
"936",24,"Yes","Travel_Frequently",381,"Research & Development",9,"Three","Medical","1","1494","Medium","Male",89,"High","One","Laboratory Technician","Low","Single",16998,2,"Y","Yes",11,"Excellent","High","80","Zero",4,2,"Better",0,0,0,0,2430
"937",46,"No","Travel_Rarely",644,"Research & Development",1,"Four","Medical","1","288","Very High","Male",97,"High","Three","Healthcare Representative","Low","Divorced",12368,7,"Y","No",16,"Excellent","High","80","One",17,3,"Good",4,2,0,3,9529
"938",51,"Yes","Travel_Frequently",1150,"Research & Development",8,"Four","Life Sciences","1","179","Low","Male",53,"Low","Three","Manufacturing Director","Very High","Single",25150,2,"Y","No",15,"Excellent","Very High","80","Zero",18,2,"Good",4,2,0,3,9412
"939",39,"No","Travel_Rarely",116,"Research & Development",24,"One","Life Sciences","1","2014","Low","Male",52,"High","Two","Research Scientist","Very High","Single",5340,7,"Y","No",13,"Excellent","Low","80","Zero",18,2,"Good",7,7,1,7,5091
"940",28,"No","Travel_Rarely",1172,"Sales",3,"Three","Medical","1","1875","Medium","Female",78,"High","One","Sales Representative","Medium","Married",3692,1,"Y","No",19,"Excellent","Very High","80","One",1,3,"Good",1,0,0,0,2594
"941",40,"Yes","Travel_Rarely",676,"Research & Development",9,"Four","Life Sciences","1","1534","Very High","Male",86,"High","One","Laboratory Technician","Low","Single",21831,3,"Y","No",14,"Excellent","Medium","80","Zero",15,3,"Bad",5,4,1,0,3151
"942",39,"No","Travel_Rarely",1462,"Sales",6,"Three","Medical","1","1588","Very High","Male",38,"Very High","Three","Sales Executive","High","Married",4658,2,"Y","No",11,"Excellent","Low","80","One",11,3,"Good",7,6,7,6,9264
"943",59,"No","Travel_Rarely",1435,"Sales",25,"Three","Life Sciences","1","81","Low","Female",99,"High","Three","Sales Executive","Low","Single",2354,7,"Y","No",11,"Excellent","Very High","80","Zero",28,3,"Better",21,16,7,9,10106
"944",27,"No","Travel_Rarely",1055,"Research & Development",2,"Four","Life Sciences","1","1027","Low","Female",47,"High","Two","Manufacturing Director","Very High","Married",4658,0,"Y","No",18,"Excellent","Medium","80","One",4,2,"Good",3,2,2,2,5564
"945",18,"No","Travel_Rarely",812,"Sales",10,"Three","Medical","1","411","Very High","Female",69,"Medium","One","Sales Representative","High","Single",9724,1,"Y","No",12,"Excellent","Low","80","Zero",0,2,"Good",0,0,0,0,2489
"946",29,"No","Travel_Frequently",995,"Research & Development",2,"One","Life Sciences","1","1590","Low","Male",87,"High","Two","Healthcare Representative","Very High","Divorced",24483,1,"Y","No",19,"Excellent","Very High","80","One",6,0,"Best",6,4,1,3,5640
"947",21,"Yes","Travel_Rarely",337,"Sales",7,"One","Marketing","1","1780","Medium","Male",31,"High","One","Sales Representative","Medium","Single",4567,1,"Y","No",13,"Excellent","Medium","80","Zero",1,3,"Good",1,0,1,0,2467
"948",26,"No","Travel_Rarely",1349,"Research & Development",23,"Three","Life Sciences","1","560","Low","Female",90,"High","One","Research Scientist","Very High","Divorced",3032,1,"Y","No",22,"Outstanding","Medium","80","Two",3,3,"Bad",3,2,0,2,2904
"949",26,"Yes","Travel_Frequently",426,"Human Resources",17,"Four","Life Sciences","1","608","Medium","Female",58,"High","One","Human Resources","High","Divorced",22808,0,"Y","Yes",11,"Excellent","Medium","80","One",8,2,"Better",7,7,1,0,2892
"950",47,"Yes","Travel_Frequently",719,"Sales",27,"Two","Life Sciences","1","785","Medium","Female",77,"Very High","Two","Sales Executive","High","Single",10339,4,"Y","Yes",12,"Excellent","Very High","80","Zero",8,2,"Good",5,4,1,3,5607
"951",42,"No","Non-Travel",355,"Research & Development",10,"Four","Technical Degree","1","1854","High","Male",38,"High","One","Research Scientist","High","Married",6161,3,"Y","No",22,"Outstanding","Medium","80","Two",10,1,"Better",6,3,3,3,2741
"952",40,"No","Travel_Rarely",300,"Sales",26,"Three","Marketing","1","1066","High","Male",74,"High","Two","Sales Executive","Low","Married",22217,1,"Y","No",14,"Excellent","Medium","80","One",8,3,"Better",7,7,7,5,5673
"953",37,"No","Travel_Rarely",124,"Research & Development",3,"Three","Other","1","1062","Very High","Female",35,"High","Two","Healthcare Representative","Medium","Single",13848,3,"Y","No",15,"Excellent","Low","80","Zero",8,3,"Better",4,3,0,1,5737
"954",27,"No","Travel_Frequently",1297,"Research & Development",5,"Two","Life Sciences","1","1850","Very High","Female",53,"High","One","Laboratory Technician","Very High","Single",19826,0,"Y","Yes",14,"Excellent","High","80","Zero",6,3,"Better",5,4,0,2,2668
"955",39,"No","Non-Travel",439,"Research & Development",9,"Three","Life Sciences","1","1132","High","Male",70,"High","Two","Laboratory Technician","Medium","Single",8770,9,"Y","No",15,"Excellent","High","80","Zero",9,2,"Better",5,4,0,3,4083
"956",45,"No","Travel_Rarely",176,"Human Resources",4,"Three","Life Sciences","1","1744","High","Female",56,"Low","Three","Human Resources","High","Married",6595,4,"Y","No",21,"Outstanding","High","80","Two",9,2,"Best",5,0,0,3,7925
"957",56,"No","Travel_Rarely",1400,"Research & Development",7,"Three","Life Sciences","1","112","Very High","Male",49,"Low","Three","Manufacturing Director","Very High","Single",21698,4,"Y","No",11,"Excellent","Low","80","Zero",37,3,"Better",6,4,0,2,10525
"958",32,"No","Non-Travel",1109,"Research & Development",29,"Four","Medical","1","1046","Very High","Female",69,"High","One","Laboratory Technician","High","Single",11135,9,"Y","No",12,"Excellent","Medium","80","Zero",10,2,"Good",8,7,7,7,2607
"959",41,"No","Travel_Rarely",1206,"Sales",23,"Two","Life Sciences","1","1678","Very High","Male",80,"High","Three","Sales Executive","High","Single",11591,3,"Y","Yes",16,"Excellent","Very High","80","Zero",21,2,"Good",2,0,0,2,9723
"960",58,"Yes","Travel_Rarely",286,"Research & Development",2,"Four","Life Sciences","1","825","Very High","Male",31,"High","Five","Research Director","Medium","Single",25761,7,"Y","Yes",12,"Excellent","Very High","80","Zero",40,2,"Good",31,15,13,8,19886
"961",29,"No","Travel_Rarely",665,"Research & Development",15,"Three","Life Sciences","1","346","High","Male",60,"High","One","Research Scientist","Very High","Single",22673,1,"Y","No",19,"Excellent","Low","80","Zero",6,1,"Good",6,5,1,5,2949
"962",40,"No","Travel_Rarely",1300,"Research & Development",24,"Two","Technical Degree","1","335","Low","Male",62,"High","Two","Research Scientist","Very High","Divorced",24447,1,"Y","No",17,"Excellent","Low","80","Two",9,3,"Good",9,8,4,7,4822
"963",38,"No","Travel_Frequently",471,"Research & Development",12,"Three","Life Sciences","1","837","Low","Male",45,"Medium","Two","Healthcare Representative","Low","Divorced",4284,2,"Y","No",15,"Excellent","High","80","One",13,3,"Better",4,3,1,2,5909
"964",39,"No","Travel_Rarely",141,"Human Resources",3,"Three","Human Resources","1","760","High","Female",44,"Very High","Two","Human Resources","Medium","Married",18767,9,"Y","No",15,"Excellent","High","80","One",12,3,"Bad",8,3,3,6,4804
"965",25,"No","Travel_Rarely",1280,"Research & Development",7,"One","Medical","1","143","Very High","Male",64,"Medium","One","Research Scientist","Very High","Married",26897,1,"Y","No",11,"Excellent","High","80","Two",2,2,"Good",2,2,2,1,2843
"966",50,"No","Travel_Rarely",989,"Research & Development",7,"Two","Medical","1","80","Medium","Female",43,"Medium","Five","Research Director","High","Divorced",16701,5,"Y","Yes",12,"Excellent","Very High","80","One",29,2,"Better",27,3,13,8,19445
"967",29,"No","Travel_Rarely",468,"Research & Development",28,"Four","Medical","1","2054","Very High","Female",73,"Medium","One","Research Scientist","Low","Single",8489,1,"Y","No",14,"Excellent","Medium","80","Zero",5,3,"Bad",5,4,0,4,2869
"968",36,"No","Travel_Rarely",164,"Sales",2,"Two","Medical","1","513","Medium","Male",61,"Medium","Three","Sales Executive","High","Married",3809,1,"Y","No",13,"Excellent","Medium","80","Two",10,2,"Good",10,9,9,0,9017
"969",50,"No","Travel_Frequently",1421,"Research & Development",2,"Three","Medical","1","1215","Very High","Female",30,"High","Four","Manager","Low","Married",9490,2,"Y","No",22,"Outstanding","High","80","One",32,3,"Good",2,2,2,2,16825
"970",26,"Yes","Travel_Rarely",1449,"Research & Development",16,"Four","Medical","1","394","Low","Male",45,"High","One","Laboratory Technician","Medium","Divorced",14180,2,"Y","Yes",13,"Excellent","Very High","80","One",5,2,"Good",3,2,0,2,2770
"971",27,"No","Travel_Rarely",954,"Sales",9,"Three","Marketing","1","1965","Very High","Male",44,"High","Two","Sales Executive","Very High","Single",5099,1,"Y","No",14,"Excellent","Low","80","Zero",7,5,"Good",7,7,0,7,5722
"972",31,"No","Travel_Rarely",616,"Research & Development",12,"Three","Medical","1","961","Very High","Female",41,"High","Two","Healthcare Representative","Very High","Married",17369,0,"Y","Yes",11,"Excellent","High","80","Two",10,2,"Bad",9,7,8,5,5911
"973",28,"No","Travel_Frequently",791,"Research & Development",1,"Four","Medical","1","1286","Very High","Male",44,"High","One","Laboratory Technician","High","Single",6842,0,"Y","Yes",11,"Excellent","High","80","Zero",5,2,"Better",4,2,0,2,2542
"974",20,"No","Travel_Rarely",959,"Research & Development",1,"Three","Life Sciences","1","657","Very High","Female",83,"Medium","One","Research Scientist","Medium","Single",11757,1,"Y","No",13,"Excellent","Very High","80","Zero",1,0,"Best",1,0,0,0,2745
"975",24,"No","Travel_Rarely",1206,"Research & Development",17,"One","Medical","1","1009","Very High","Female",41,"Medium","Two","Manufacturing Director","High","Divorced",24117,1,"Y","No",15,"Excellent","Medium","80","Two",5,6,"Good",4,2,3,2,5637
"976",29,"Yes","Travel_Rarely",896,"Research & Development",18,"One","Medical","1","315","High","Male",86,"Medium","One","Research Scientist","Very High","Single",14961,1,"Y","Yes",13,"Excellent","High","80","Zero",4,3,"Better",4,3,0,1,2885
"977",48,"No","Travel_Rarely",277,"Research & Development",6,"Three","Life Sciences","1","1022","Low","Male",97,"Medium","Two","Healthcare Representative","High","Single",13119,2,"Y","No",13,"Excellent","Very High","80","Zero",19,0,"Good",2,2,2,2,6308
"978",39,"Yes","Travel_Rarely",360,"Research & Development",23,"Three","Medical","1","1310","High","Male",93,"High","One","Research Scientist","Low","Single",22154,0,"Y","No",13,"Excellent","Low","80","Zero",6,2,"Good",5,2,0,3,2903
"979",35,"No","Travel_Rarely",607,"Research & Development",9,"Three","Life Sciences","1","880","Very High","Female",66,"Medium","Three","Manufacturing Director","High","Married",23457,1,"Y","Yes",20,"Outstanding","Medium","80","One",17,2,"Good",17,14,5,15,9409
"980",49,"No","Travel_Rarely",1098,"Research & Development",4,"Two","Medical","1","1256","Low","Male",85,"Medium","Five","Manager","High","Married",12124,2,"Y","No",13,"Excellent","High","80","One",23,2,"Best",1,0,0,0,19102
"981",35,"No","Travel_Rarely",1402,"Sales",28,"Four","Life Sciences","1","1554","Medium","Female",98,"Medium","One","Sales Representative","High","Married",26204,0,"Y","No",23,"Outstanding","Low","80","Two",6,5,"Good",5,3,4,2,2878
"982",46,"No","Travel_Rarely",1125,"Sales",10,"Three","Marketing","1","580","High","Female",94,"Medium","Three","Sales Executive","Very High","Married",11563,2,"Y","Yes",19,"Excellent","High","80","One",15,3,"Good",3,2,1,2,9412
"983",52,"No","Travel_Rarely",1323,"Research & Development",2,"Three","Life Sciences","1","316","High","Female",89,"Medium","One","Laboratory Technician","Very High","Single",3300,7,"Y","No",15,"Excellent","Medium","80","Zero",6,3,"Better",2,2,2,2,2801
"984",26,"No","Travel_Rarely",1167,"Sales",5,"Three","Other","1","2060","Very High","Female",30,"Medium","One","Sales Representative","High","Single",21378,0,"Y","No",18,"Excellent","Very High","80","Zero",5,2,"Good",4,2,0,0,2792
"985",36,"No","Travel_Rarely",1120,"Sales",11,"Four","Marketing","1","2045","Medium","Female",100,"Medium","Two","Sales Executive","Very High","Married",14369,4,"Y","No",13,"Excellent","Low","80","One",8,2,"Better",6,3,0,0,5797
"986",32,"Yes","Travel_Frequently",238,"Research & Development",5,"Two","Life Sciences","1","1939","Low","Female",47,"Very High","One","Research Scientist","High","Single",15318,3,"Y","Yes",14,"Excellent","Low","80","Zero",8,2,"Good",4,1,0,3,2855
"987",22,"Yes","Travel_Frequently",1256,"Research & Development",3,"Four","Life Sciences","1","1203","High","Male",48,"Medium","One","Research Scientist","Very High","Married",4223,0,"Y","Yes",11,"Excellent","Medium","80","One",1,5,"Good",0,0,0,0,2661
"988",32,"No","Travel_Rarely",601,"Sales",7,"Five","Marketing","1","1446","Very High","Male",97,"High","Two","Sales Executive","Very High","Married",23343,4,"Y","No",12,"Excellent","High","80","One",7,3,"Better",4,3,0,3,5669
"989",39,"No","Travel_Frequently",945,"Research & Development",22,"Three","Medical","1","1043","Very High","Female",82,"High","Three","Manufacturing Director","Low","Single",5083,1,"Y","Yes",13,"Excellent","High","80","Zero",21,2,"Good",21,6,2,8,9530
"990",31,"No","Travel_Rarely",408,"Research & Development",9,"Four","Life Sciences","1","493","High","Male",42,"Medium","One","Research Scientist","Medium","Single",7551,0,"Y","Yes",16,"Excellent","Very High","80","Zero",3,5,"Good",2,2,2,2,2761
"991",39,"No","Travel_Rarely",1383,"Human Resources",2,"Three","Life Sciences","1","909","Very High","Female",42,"Medium","Two","Human Resources","Very High","Married",7790,8,"Y","No",11,"Excellent","High","80","Two",13,2,"Good",5,4,0,4,5042
"992",24,"No","Travel_Rarely",581,"Research & Development",9,"Three","Medical","1","1707","High","Male",62,"Very High","One","Research Scientist","High","Married",17616,1,"Y","No",16,"Excellent","Very High","80","One",5,1,"Good",5,3,0,4,2887
"993",30,"No","Travel_Rarely",1240,"Human Resources",9,"Three","Human Resources","1","184","High","Male",48,"High","Two","Human Resources","Very High","Married",13982,0,"Y","Yes",19,"Excellent","Very High","80","Zero",12,2,"Bad",11,9,4,7,4971
"994",40,"No","Travel_Frequently",1184,"Sales",2,"Four","Medical","1","1212","Medium","Male",62,"High","Two","Sales Executive","Medium","Married",25440,5,"Y","No",12,"Excellent","Very High","80","Three",5,2,"Good",0,0,0,0,5528
"995",38,"No","Non-Travel",152,"Sales",10,"Three","Technical Degree","1","983","High","Female",85,"High","Two","Sales Executive","Very High","Single",19899,1,"Y","Yes",13,"Excellent","Medium","80","Zero",6,1,"Good",5,3,1,3,5190
"996",34,"No","Travel_Rarely",665,"Research & Development",6,"Four","Other","1","138","Low","Female",41,"High","Two","Research Scientist","High","Single",12482,1,"Y","No",14,"Excellent","High","80","Zero",16,3,"Good",16,13,2,10,5074
"997",38,"No","Travel_Frequently",1391,"Research & Development",10,"One","Medical","1","1006","High","Male",66,"High","One","Research Scientist","High","Married",12127,0,"Y","No",17,"Excellent","Medium","80","One",3,0,"Better",2,1,0,2,2781
"998",54,"No","Travel_Rarely",971,"Research & Development",1,"Three","Medical","1","1422","Very High","Female",54,"High","Four","Research Director","Very High","Single",5652,6,"Y","No",19,"Excellent","Very High","80","Zero",29,3,"Better",20,7,12,7,16797
"999",35,"No","Travel_Rarely",882,"Sales",3,"Four","Life Sciences","1","984","Very High","Male",92,"High","Three","Sales Executive","Very High","Divorced",6812,6,"Y","No",13,"Excellent","Medium","80","One",12,2,"Good",10,9,0,8,9225
"1000",32,"Yes","Travel_Rarely",374,"Research & Development",25,"Four","Life Sciences","1","911","Low","Male",87,"High","One","Laboratory Technician","Very High","Single",18016,1,"Y","Yes",24,"Outstanding","High","80","Zero",1,2,"Bad",1,0,0,1,2408
"1001",46,"No","Travel_Rarely",945,"Human Resources",5,"Two","Medical","1","103","Medium","Male",80,"High","Two","Human Resources","Medium","Divorced",10425,8,"Y","Yes",22,"Outstanding","Very High","80","One",16,2,"Good",4,2,0,2,5125
"1002",47,"No","Travel_Frequently",1309,"Sales",4,"One","Medical","1","467","Medium","Male",99,"High","Two","Sales Representative","High","Single",25751,3,"Y","No",19,"Excellent","Low","80","Zero",5,3,"Good",0,0,0,0,4312
"1003",32,"No","Travel_Rarely",977,"Research & Development",2,"Three","Medical","1","1671","Very High","Male",45,"High","Two","Research Scientist","Medium","Divorced",25518,0,"Y","No",13,"Excellent","High","80","Two",10,4,"Better",9,5,1,6,4823
"1004",47,"No","Travel_Rarely",983,"Research & Development",2,"Two","Medical","1","574","Low","Female",65,"High","Two","Manufacturing Director","Very High","Divorced",7389,5,"Y","No",13,"Excellent","High","80","Three",20,2,"Good",5,0,0,4,6350
"1005",48,"No","Travel_Rarely",1108,"Research & Development",15,"Four","Other","1","1576","High","Female",65,"High","One","Research Scientist","Low","Married",16530,8,"Y","No",12,"Excellent","Very High","80","One",10,3,"Better",8,2,7,6,3215
"1006",34,"No","Travel_Rarely",735,"Sales",3,"One","Medical","1","1915","Very High","Female",75,"Medium","Two","Sales Executive","Very High","Married",16495,3,"Y","Yes",12,"Excellent","High","80","Zero",9,3,"Better",4,2,0,1,5789
"1007",20,"No","Travel_Rarely",1141,"Sales",2,"Three","Medical","1","1657","High","Female",31,"High","One","Sales Representative","High","Single",13251,1,"Y","No",19,"Excellent","Low","80","Zero",2,3,"Good",2,2,2,2,2639
"1008",38,"No","Travel_Rarely",688,"Research & Development",23,"Four","Life Sciences","1","393","Very High","Male",82,"High","Two","Healthcare Representative","Very High","Divorced",18899,9,"Y","No",14,"Excellent","Medium","80","One",10,2,"Good",2,2,1,2,5922
"1009",53,"No","Travel_Rarely",1223,"Research & Development",7,"Two","Medical","1","1201","Very High","Female",50,"High","Five","Manager","High","Divorced",18640,3,"Y","No",18,"Excellent","Medium","80","One",26,6,"Good",7,7,4,7,19270
"1010",53,"No","Travel_Rarely",1436,"Sales",6,"Two","Marketing","1","205","Medium","Male",34,"High","Two","Sales Representative","High","Married",16047,2,"Y","Yes",20,"Outstanding","Very High","80","One",13,3,"Bad",7,7,4,5,4858
"1011",37,"Yes","Travel_Frequently",504,"Research & Development",10,"Three","Medical","1","342","Low","Male",61,"High","Three","Manufacturing Director","High","Divorced",22573,6,"Y","No",11,"Excellent","Medium","80","Two",17,5,"Good",1,0,0,0,9264
"1012",34,"No","Travel_Rarely",1031,"Research & Development",6,"Four","Life Sciences","1","151","High","Female",45,"Medium","Two","Research Scientist","Medium","Divorced",15000,6,"Y","No",15,"Excellent","High","80","One",12,3,"Good",1,0,0,0,4931
"1013",32,"No","Travel_Rarely",588,"Sales",8,"Two","Technical Degree","1","436","High","Female",65,"Medium","Two","Sales Executive","Medium","Married",24624,1,"Y","Yes",11,"Excellent","Very High","80","Zero",13,2,"Good",13,12,11,9,5965
"1014",34,"Yes","Travel_Frequently",234,"Research & Development",9,"Four","Life Sciences","1","1807","Very High","Male",93,"High","Two","Laboratory Technician","Low","Married",6208,4,"Y","No",17,"Excellent","High","80","One",11,3,"Better",7,1,0,7,4383
"1015",30,"Yes","Travel_Frequently",334,"Sales",26,"Four","Marketing","1","299","High","Female",52,"Medium","Two","Sales Executive","Low","Single",22967,5,"Y","No",15,"Excellent","High","80","Zero",9,5,"Better",6,3,0,1,5599
"1016",43,"No","Travel_Rarely",990,"Research & Development",27,"Three","Technical Degree","1","1599","Very High","Male",87,"Very High","One","Laboratory Technician","Medium","Divorced",5855,5,"Y","No",12,"Excellent","High","80","One",8,0,"Good",6,4,0,2,2850
"1017",42,"No","Travel_Rarely",269,"Research & Development",2,"Three","Medical","1","351","Very High","Female",56,"Medium","One","Laboratory Technician","Low","Divorced",8007,0,"Y","Yes",11,"Excellent","High","80","One",10,4,"Good",9,6,7,8,2840
"1018",35,"No","Travel_Rarely",662,"Sales",1,"Five","Marketing","1","204","High","Male",94,"High","Three","Sales Executive","Medium","Married",11439,1,"Y","No",13,"Excellent","Low","80","Two",10,3,"Good",10,8,0,6,9093
"1019",30,"No","Travel_Rarely",1339,"Sales",5,"Three","Life Sciences","1","228","Medium","Female",41,"High","Three","Sales Executive","Very High","Married",8053,2,"Y","No",12,"Excellent","High","80","One",12,2,"Good",10,9,7,4,9295
"1020",18,"No","Non-Travel",287,"Research & Development",5,"Two","Life Sciences","1","1012","Medium","Male",73,"High","One","Research Scientist","Very High","Single",13493,1,"Y","No",15,"Excellent","Very High","80","Zero",0,2,"Good",0,0,0,0,2232
"1021",45,"No","Travel_Rarely",561,"Sales",2,"Three","Other","1","606","Very High","Male",61,"High","Two","Sales Executive","Medium","Married",16177,0,"Y","No",19,"Excellent","Medium","80","One",9,3,"Best",8,7,3,7,5762
"1022",36,"No","Non-Travel",845,"Sales",1,"Five","Medical","1","479","Very High","Female",45,"High","Two","Sales Executive","Very High","Single",15276,4,"Y","No",15,"Excellent","Medium","80","Zero",7,6,"Good",1,0,0,0,5345
"1023",39,"No","Travel_Rarely",835,"Research & Development",19,"Four","Other","1","1871","Very High","Male",41,"High","Two","Research Scientist","Very High","Divorced",5141,8,"Y","No",14,"Excellent","Medium","80","Three",7,2,"Good",2,2,2,2,4652
"1024",45,"No","Non-Travel",1238,"Research & Development",1,"One","Life Sciences","1","1712","High","Male",74,"Medium","Three","Healthcare Representative","High","Married",3395,3,"Y","No",23,"Outstanding","Very High","80","One",25,3,"Better",23,15,14,4,9656
"1025",41,"No","Travel_Frequently",857,"Research & Development",10,"Three","Life Sciences","1","199","Very High","Male",91,"Medium","Four","Manager","Low","Divorced",12888,4,"Y","No",13,"Excellent","Medium","80","One",21,2,"Better",7,6,7,7,16192
"1026",39,"No","Non-Travel",105,"Research & Development",9,"Three","Life Sciences","1","2022","Very High","Male",87,"High","Five","Manager","Very High","Single",15302,2,"Y","No",13,"Excellent","High","80","Zero",21,3,"Better",6,0,1,3,18491
"1027",31,"No","Travel_Rarely",106,"Human Resources",2,"Three","Human Resources","1","424","Low","Male",62,"Medium","Two","Human Resources","Low","Married",17822,3,"Y","No",12,"Excellent","Very High","80","Zero",9,1,"Good",2,2,1,0,4650
"1028",25,"No","Travel_Rarely",891,"Sales",4,"Two","Life Sciences","1","527","Medium","Female",99,"Medium","Two","Sales Executive","Very High","Single",12090,1,"Y","Yes",11,"Excellent","Medium","80","Zero",5,3,"Good",5,4,1,3,5613
"1029",24,"Yes","Travel_Rarely",693,"Sales",3,"Two","Life Sciences","1","720","Low","Female",65,"High","Two","Sales Executive","High","Single",24785,9,"Y","No",14,"Excellent","Low","80","Zero",4,3,"Good",2,2,2,0,5533
"1030",44,"Yes","Travel_Rarely",1376,"Human Resources",1,"Two","Medical","1","1098","Medium","Male",91,"Medium","Three","Human Resources","Low","Married",2326,9,"Y","No",14,"Excellent","Very High","80","One",24,1,"Good",20,6,3,6,8854
"1031",32,"No","Travel_Rarely",499,"Sales",2,"One","Marketing","1","1396","High","Male",36,"High","Two","Sales Executive","Medium","Married",20497,0,"Y","Yes",13,"Excellent","Low","80","Three",4,3,"Better",3,2,1,2,5504
"1032",43,"No","Travel_Rarely",244,"Human Resources",2,"Three","Life Sciences","1","1778","Medium","Male",97,"High","One","Human Resources","Very High","Single",5033,0,"Y","No",13,"Excellent","Medium","80","Zero",10,5,"Good",9,7,1,8,3093
"1033",27,"No","Travel_Rarely",269,"Research & Development",5,"One","Technical Degree","1","844","High","Male",42,"Medium","Three","Research Director","Very High","Divorced",8842,1,"Y","Yes",16,"Excellent","Medium","80","One",9,3,"Good",9,8,0,8,12280
"1034",26,"No","Travel_Rarely",482,"Research & Development",1,"Two","Life Sciences","1","1893","Medium","Female",90,"Medium","One","Research Scientist","High","Married",14908,1,"Y","Yes",13,"Excellent","High","80","One",1,3,"Better",1,0,1,0,2672
"1035",40,"No","Non-Travel",663,"Research & Development",9,"Four","Other","1","1449","High","Male",81,"High","Two","Laboratory Technician","High","Divorced",23099,3,"Y","No",11,"Excellent","High","80","Two",11,2,"Best",8,7,0,7,4217
"1036",20,"Yes","Travel_Rarely",1362,"Research & Development",10,"One","Medical","1","701","Very High","Male",32,"High","One","Research Scientist","High","Single",26999,1,"Y","Yes",11,"Excellent","Very High","80","Zero",1,5,"Good",1,0,1,1,2806
"1037",25,"No","Travel_Rarely",883,"Sales",26,"One","Medical","1","781","High","Female",32,"High","Two","Sales Executive","Very High","Single",22807,1,"Y","No",23,"Outstanding","Medium","80","Zero",6,5,"Better",6,5,1,4,5662
"1038",54,"No","Travel_Rarely",397,"Human Resources",19,"Four","Medical","1","698","High","Male",88,"High","Three","Human Resources","Medium","Married",6729,2,"Y","No",15,"Excellent","High","80","One",16,1,"Best",9,7,7,1,8307
"1039",39,"No","Travel_Rarely",1253,"Research & Development",10,"One","Medical","1","1800","High","Male",65,"High","Three","Research Director","High","Single",7914,7,"Y","No",21,"Outstanding","High","80","Zero",9,3,"Good",4,3,2,2,12429
"1040",29,"No","Travel_Rarely",657,"Research & Development",27,"Three","Medical","1","793","Medium","Female",66,"High","Two","Healthcare Representative","High","Married",25549,4,"Y","No",12,"Excellent","Low","80","One",11,3,"Better",8,7,1,1,5967
"1041",31,"Yes","Travel_Frequently",307,"Research & Development",29,"Two","Medical","1","355","High","Male",71,"Medium","One","Laboratory Technician","Medium","Single",11652,0,"Y","No",11,"Excellent","Medium","80","Zero",6,2,"Best",5,4,1,4,2518
"1042",33,"No","Travel_Rarely",1198,"Research & Development",1,"Four","Other","1","939","High","Male",100,"Medium","One","Research Scientist","Low","Single",3339,3,"Y","Yes",11,"Excellent","Medium","80","Zero",6,1,"Good",3,2,0,2,3030
"1043",36,"No","Travel_Rarely",557,"Sales",3,"Three","Medical","1","2024","Low","Female",94,"Medium","Three","Sales Executive","Very High","Married",12695,0,"Y","No",19,"Excellent","High","80","Two",10,2,"Good",9,7,3,4,9077
"1044",36,"No","Travel_Rarely",928,"Sales",1,"Two","Life Sciences","1","857","Medium","Male",56,"High","Two","Sales Executive","Very High","Married",2823,1,"Y","Yes",14,"Excellent","Very High","80","One",18,1,"Better",18,14,4,11,6266
"1045",28,"No","Non-Travel",1103,"Research & Development",16,"Three","Medical","1","1947","High","Male",49,"High","One","Research Scientist","High","Single",2122,1,"Y","No",14,"Excellent","High","80","Zero",5,3,"Better",5,3,1,4,2605
"1046",28,"Yes","Travel_Frequently",1009,"Research & Development",1,"Three","Medical","1","1111","Low","Male",45,"Medium","One","Laboratory Technician","Medium","Divorced",7160,1,"Y","No",15,"Excellent","Low","80","Two",1,2,"Good",1,0,0,0,2375
"1047",38,"Yes","Travel_Rarely",903,"Research & Development",2,"Three","Medical","1","1573","High","Male",81,"High","Two","Manufacturing Director","Medium","Married",7653,4,"Y","No",11,"Excellent","Low","80","Two",7,2,"Good",5,2,1,4,5691
"1048",33,"No","Travel_Frequently",553,"Research & Development",5,"Four","Life Sciences","1","428","Very High","Female",74,"High","Three","Manager","Medium","Married",23364,6,"Y","No",11,"Excellent","Medium","80","Two",12,2,"Good",10,6,8,8,12283
"1049",27,"Yes","Travel_Rarely",135,"Research & Development",17,"Four","Life Sciences","1","1405","Very High","Female",51,"High","One","Research Scientist","High","Single",25681,1,"Y","Yes",13,"Excellent","Very High","80","Zero",8,2,"Good",8,2,7,7,2968
"1050",35,"Yes","Travel_Rarely",763,"Sales",15,"Two","Medical","1","1645","Low","Male",59,"Low","Two","Sales Executive","Very High","Divorced",22098,6,"Y","Yes",14,"Excellent","Very High","80","Two",7,2,"Better",2,2,2,2,5693
"1051",53,"Yes","Travel_Rarely",607,"Research & Development",2,"Five","Technical Degree","1","1572","High","Female",78,"Medium","Three","Manufacturing Director","Very High","Married",14618,0,"Y","No",16,"Excellent","Medium","80","One",34,4,"Good",33,7,1,9,10255
"1052",36,"No","Travel_Frequently",635,"Research & Development",18,"One","Medical","1","286","Medium","Female",73,"High","One","Laboratory Technician","Very High","Single",7703,1,"Y","No",13,"Excellent","Low","80","Zero",8,2,"Good",8,1,1,7,2667
"1053",43,"No","Travel_Rarely",1473,"Research & Development",8,"Four","Other","1","526","High","Female",74,"High","Two","Healthcare Representative","High","Divorced",2227,4,"Y","Yes",14,"Excellent","Very High","80","Zero",8,3,"Good",5,2,0,2,5941
"1054",28,"No","Travel_Rarely",995,"Research & Development",9,"Three","Medical","1","930","High","Female",77,"High","One","Research Scientist","High","Divorced",9834,5,"Y","No",18,"Excellent","Medium","80","One",6,2,"Good",2,2,2,2,2999
"1055",27,"No","Travel_Frequently",591,"Research & Development",2,"Three","Medical","1","1648","Very High","Male",87,"High","One","Research Scientist","Very High","Single",6297,2,"Y","No",13,"Excellent","High","80","Zero",6,0,"Better",4,2,1,2,2809
"1056",25,"Yes","Travel_Rarely",688,"Research & Development",3,"Three","Medical","1","538","Low","Male",91,"High","One","Laboratory Technician","Low","Married",9396,5,"Y","No",13,"Excellent","High","80","One",6,5,"Good",2,2,0,2,2705
"1057",27,"No","Travel_Frequently",472,"Research & Development",1,"One","Technical Degree","1","274","High","Male",60,"Medium","Two","Manufacturing Director","Low","Married",9679,5,"Y","No",19,"Excellent","High","80","One",6,1,"Good",2,2,2,0,5446
"1058",43,"No","Travel_Rarely",1034,"Sales",16,"Three","Marketing","1","327","Very High","Female",80,"High","Four","Manager","Very High","Married",7744,5,"Y","Yes",22,"Outstanding","High","80","One",22,3,"Good",17,13,1,9,16398
"1059",37,"No","Travel_Rarely",1239,"Human Resources",8,"Two","Other","1","1794","High","Male",89,"High","Two","Human Resources","Medium","Divorced",12832,2,"Y","No",13,"Excellent","High","80","Zero",19,4,"Better",10,0,4,7,5319
"1060",28,"No","Travel_Rarely",1451,"Research & Development",2,"One","Life Sciences","1","1136","Low","Male",67,"Medium","One","Research Scientist","Medium","Married",19911,0,"Y","No",17,"Excellent","Low","80","Zero",6,2,"Bad",5,3,0,4,3068
"1061",57,"No","Travel_Rarely",405,"Research & Development",1,"Two","Life Sciences","1","1483","Medium","Male",93,"Very High","Two","Research Scientist","High","Married",2721,0,"Y","No",24,"Outstanding","Low","80","One",13,2,"Better",12,9,2,8,4886
"1062",34,"No","Travel_Frequently",426,"Research & Development",10,"Four","Life Sciences","1","1615","High","Male",42,"Very High","Two","Manufacturing Director","Very High","Divorced",17000,1,"Y","No",13,"Excellent","Low","80","One",9,3,"Good",9,7,7,2,5589
"1063",33,"No","Travel_Frequently",1296,"Research & Development",6,"Three","Life Sciences","1","692","High","Male",30,"High","Two","Healthcare Representative","Very High","Divorced",5335,3,"Y","No",23,"Outstanding","High","80","One",15,2,"Bad",13,11,4,7,6134
"1064",23,"Yes","Travel_Rarely",427,"Sales",7,"Three","Life Sciences","1","1702","High","Male",99,"High","One","Sales Representative","Very High","Divorced",25103,1,"Y","Yes",21,"Outstanding","Medium","80","One",3,2,"Good",3,2,0,2,2580
"1065",58,"No","Non-Travel",390,"Research & Development",1,"Four","Life Sciences","1","422","Very High","Male",32,"Low","Two","Healthcare Representative","High","Divorced",17056,2,"Y","Yes",13,"Excellent","Very High","80","One",12,2,"Good",5,3,1,2,5615
"1066",23,"No","Travel_Rarely",650,"Research & Development",9,"One","Medical","1","758","Medium","Male",37,"High","One","Laboratory Technician","Low","Married",4344,1,"Y","No",14,"Excellent","Very High","80","One",5,2,"Best",4,3,0,2,2649
"1067",40,"No","Travel_Rarely",1194,"Research & Development",2,"Four","Medical","1","2051","High","Female",98,"High","One","Research Scientist","High","Married",12549,2,"Y","No",14,"Excellent","Medium","80","Three",20,2,"Good",5,3,0,2,3726
"1068",60,"No","Travel_Rarely",422,"Research & Development",7,"Three","Life Sciences","1","549","Low","Female",41,"High","Five","Manager","Low","Married",3854,5,"Y","No",11,"Excellent","Very High","80","Zero",33,5,"Bad",29,8,11,10,19497
"1069",33,"No","Travel_Frequently",430,"Sales",7,"Three","Medical","1","1477","Very High","Male",54,"High","Two","Sales Executive","Low","Married",17456,0,"Y","No",14,"Excellent","Low","80","Two",5,2,"Good",4,3,0,3,5414
"1070",50,"No","Travel_Rarely",316,"Sales",8,"Four","Marketing","1","738","Very High","Male",54,"High","One","Sales Representative","Medium","Married",9983,7,"Y","No",15,"Excellent","Very High","80","One",4,2,"Good",2,2,2,2,2613
"1071",27,"No","Travel_Rarely",1291,"Sales",11,"Three","Medical","1","1364","High","Female",98,"Very High","One","Sales Representative","Very High","Married",6527,8,"Y","No",14,"Excellent","Medium","80","One",5,4,"Good",1,0,0,0,2811
"1072",31,"No","Travel_Rarely",480,"Research & Development",7,"Two","Medical","1","524","Medium","Female",31,"High","Two","Manufacturing Director","Low","Married",4156,1,"Y","No",12,"Excellent","Medium","80","One",13,5,"Bad",13,10,3,12,5925
"1073",20,"No","Travel_Rarely",654,"Sales",21,"Three","Marketing","1","1226","High","Male",43,"Very High","One","Sales Representative","Very High","Single",5050,1,"Y","No",17,"Excellent","Very High","80","Zero",2,2,"Good",2,1,2,2,2565
"1074",30,"No","Travel_Rarely",305,"Research & Development",16,"Three","Life Sciences","1","1763","High","Male",58,"Very High","Two","Healthcare Representative","High","Married",9128,3,"Y","No",16,"Excellent","High","80","One",10,3,"Good",7,0,1,7,5864
"1075",56,"No","Travel_Rarely",1443,"Sales",11,"Five","Marketing","1","1935","Very High","Female",89,"Medium","Two","Sales Executive","Low","Married",20328,4,"Y","No",16,"Excellent","High","80","One",6,3,"Good",0,0,0,0,5747
"1076",46,"No","Travel_Rarely",1402,"Sales",2,"Three","Marketing","1","1204","High","Female",69,"High","Four","Manager","Low","Married",24097,8,"Y","No",23,"Outstanding","Low","80","Zero",28,2,"Good",26,15,15,9,16752
"1077",53,"No","Travel_Rarely",1282,"Research & Development",5,"Three","Other","1","32","High","Female",58,"High","Five","Manager","High","Divorced",10735,4,"Y","No",11,"Excellent","Very High","80","One",26,3,"Better",14,13,4,8,19279
"1078",31,"No","Travel_Rarely",311,"Research & Development",20,"Three","Life Sciences","1","1881","Medium","Male",89,"High","Two","Laboratory Technician","High","Divorced",18624,1,"Y","No",11,"Excellent","Low","80","One",10,2,"Good",10,8,0,2,4474
"1079",36,"No","Travel_Rarely",506,"Research & Development",3,"Three","Technical Degree","1","397","High","Male",30,"High","Two","Research Scientist","Medium","Single",26285,4,"Y","No",12,"Excellent","Very High","80","Zero",10,2,"Good",8,0,7,7,4751
"1080",42,"No","Travel_Frequently",532,"Research & Development",29,"Two","Life Sciences","1","547","Low","Female",92,"High","Two","Research Scientist","High","Divorced",12932,2,"Y","No",11,"Excellent","Medium","80","One",19,3,"Good",5,4,0,2,5074
"1081",40,"No","Travel_Rarely",1322,"Research & Development",2,"Four","Life Sciences","1","2048","High","Male",52,"Medium","One","Research Scientist","High","Single",2725,2,"Y","No",14,"Excellent","Very High","80","Zero",8,2,"Good",2,2,2,2,3148
"1082",35,"No","Travel_Rarely",287,"Research & Development",1,"Four","Life Sciences","1","2052","High","Female",62,"Low","One","Research Scientist","Very High","Married",8952,1,"Y","No",12,"Excellent","Very High","80","One",4,5,"Good",4,3,1,1,2792
"1083",23,"Yes","Travel_Frequently",638,"Sales",9,"Three","Marketing","1","2023","Very High","Male",33,"High","One","Sales Representative","Low","Married",26956,1,"Y","No",19,"Excellent","Low","80","One",1,3,"Better",1,0,1,0,2384
"1084",35,"No","Travel_Rarely",619,"Sales",1,"Three","Marketing","1","600","Medium","Male",85,"High","Two","Sales Executive","High","Married",18659,9,"Y","No",11,"Excellent","High","80","Zero",15,2,"Good",11,9,6,9,6070
"1085",38,"No","Travel_Frequently",216,"Research & Development",23,"Three","Life Sciences","1","12","Very High","Male",44,"Medium","Three","Manufacturing Director","High","Single",8787,0,"Y","No",21,"Outstanding","Medium","80","Zero",10,2,"Good",9,7,1,8,8872
"1086",40,"No","Travel_Frequently",580,"Sales",5,"Four","Life Sciences","1","729","Very High","Male",48,"Medium","Three","Sales Executive","Low","Married",23772,5,"Y","Yes",21,"Outstanding","High","80","One",20,2,"Good",18,13,1,12,9449
"1087",31,"No","Travel_Rarely",1003,"Sales",5,"Three","Technical Degree","1","1749","Low","Male",51,"High","Two","Sales Executive","High","Married",20943,1,"Y","No",19,"Excellent","High","80","One",6,3,"Good",5,2,0,2,5680
"1088",38,"No","Travel_Rarely",268,"Research & Development",2,"Five","Medical","1","773","Very High","Male",92,"High","One","Research Scientist","High","Married",20471,6,"Y","Yes",13,"Excellent","Medium","80","One",6,0,"Bad",1,0,0,1,2889
"1089",31,"No","Travel_Rarely",691,"Research & Development",5,"Four","Technical Degree","1","423","High","Male",86,"High","One","Research Scientist","Very High","Married",10077,0,"Y","Yes",12,"Excellent","High","80","One",6,4,"Good",5,2,0,3,2953
"1090",27,"No","Travel_Rarely",205,"Sales",10,"Three","Marketing","1","1403","Very High","Female",98,"Medium","Two","Sales Executive","Very High","Married",7100,1,"Y","Yes",11,"Excellent","Very High","80","Zero",6,3,"Good",6,2,4,4,5559
"1091",29,"No","Travel_Rarely",144,"Sales",10,"One","Marketing","1","463","Very High","Female",39,"Medium","Two","Sales Executive","Medium","Divorced",11866,1,"Y","Yes",14,"Excellent","Low","80","Two",7,2,"Good",7,7,1,7,5599
"1092",36,"No","Non-Travel",301,"Sales",15,"Four","Marketing","1","2036","Very High","Male",88,"Low","Two","Sales Executive","Very High","Divorced",10436,1,"Y","No",24,"Outstanding","Low","80","One",15,4,"Better",15,12,11,11,5661
"1093",37,"No","Travel_Frequently",663,"Research & Development",11,"Three","Other","1","306","Medium","Male",47,"High","Three","Research Director","Very High","Divorced",10056,1,"Y","Yes",14,"Excellent","High","80","Three",10,1,"Good",10,8,0,7,12261
"1094",40,"No","Travel_Rarely",107,"Sales",10,"Three","Technical Degree","1","1239","Medium","Female",84,"Medium","Two","Sales Executive","Medium","Divorced",11591,7,"Y","No",12,"Excellent","Medium","80","One",7,2,"Best",5,1,1,3,5594
"1095",25,"No","Non-Travel",675,"Research & Development",5,"Two","Life Sciences","1","369","Medium","Male",85,"Very High","Two","Healthcare Representative","Low","Divorced",18384,1,"Y","No",12,"Excellent","Very High","80","Two",6,2,"Good",6,3,1,5,5360
"1096",37,"No","Travel_Rarely",446,"Research & Development",1,"Four","Life Sciences","1","635","Medium","Female",65,"High","Two","Manufacturing Director","Medium","Married",15701,6,"Y","No",12,"Excellent","Medium","80","One",8,2,"Better",6,5,4,3,5671
"1097",37,"No","Travel_Rarely",1017,"Research & Development",1,"Two","Medical","1","340","High","Female",83,"Medium","One","Research Scientist","Low","Married",18697,2,"Y","No",14,"Excellent","Low","80","One",17,2,"Better",3,1,0,2,3550
"1098",30,"Yes","Travel_Frequently",600,"Human Resources",8,"Three","Human Resources","1","1747","High","Female",66,"Medium","One","Human Resources","Very High","Divorced",9732,6,"Y","No",11,"Excellent","High","80","One",6,0,"Better",4,2,1,2,2819
"1099",32,"No","Travel_Rarely",1062,"Research & Development",2,"Three","Medical","1","471","High","Female",75,"High","One","Laboratory Technician","Medium","Married",3956,1,"Y","No",13,"Excellent","High","80","One",8,4,"Good",8,0,0,7,2861
"1100",37,"Yes","Travel_Rarely",370,"Research & Development",10,"Four","Medical","1","1809","Very High","Male",58,"High","Two","Manufacturing Director","Low","Single",4992,1,"Y","No",15,"Excellent","Medium","80","Zero",10,4,"Bad",10,3,0,8,5759
"1101",40,"No","Travel_Rarely",989,"Research & Development",4,"One","Medical","1","253","Very High","Female",46,"High","Five","Manager","High","Married",6499,1,"Y","No",14,"Excellent","Medium","80","One",21,2,"Good",20,8,9,9,18986
"1102",40,"No","Travel_Rarely",759,"Sales",2,"Two","Marketing","1","516","Very High","Female",46,"High","Two","Sales Executive","Medium","Divorced",22553,7,"Y","No",12,"Excellent","High","80","Two",8,5,"Good",5,4,1,3,5742
"1103",38,"No","Non-Travel",1327,"Sales",2,"Two","Life Sciences","1","361","Very High","Male",39,"Medium","Two","Sales Executive","Very High","Married",19682,3,"Y","No",18,"Excellent","Very High","80","One",13,0,"Good",8,7,7,5,5717
"1104",53,"No","Travel_Rarely",661,"Sales",7,"Two","Marketing","1","862","Low","Female",78,"Medium","Three","Sales Executive","Very High","Married",20715,7,"Y","Yes",18,"Excellent","Very High","80","One",35,3,"Good",5,2,0,4,10337
"1105",36,"No","Travel_Rarely",188,"Research & Development",7,"Four","Other","1","949","Medium","Male",65,"High","One","Research Scientist","Very High","Single",23293,2,"Y","No",18,"Excellent","High","80","Zero",8,6,"Good",6,2,0,1,2976
"1106",29,"No","Travel_Frequently",490,"Research & Development",10,"Three","Life Sciences","1","1143","Very High","Female",61,"High","One","Research Scientist","Medium","Divorced",17940,0,"Y","No",14,"Excellent","Very High","80","Two",8,2,"Better",7,5,1,1,2893
"1107",27,"No","Travel_Rarely",1103,"Research & Development",14,"Three","Life Sciences","1","1244","Low","Male",42,"High","One","Research Scientist","Low","Married",14377,1,"Y","Yes",14,"Excellent","Very High","80","Two",9,3,"Better",9,7,6,8,3165
"1108",44,"No","Travel_Rarely",1112,"Human Resources",1,"Four","Life Sciences","1","665","Low","Female",50,"Medium","Two","Human Resources","High","Single",26894,4,"Y","No",11,"Excellent","Medium","80","Zero",10,1,"Best",2,2,0,2,4852
"1109",27,"No","Travel_Frequently",1242,"Sales",20,"Three","Life Sciences","1","293","Very High","Female",90,"High","Two","Sales Executive","High","Single",12916,1,"Y","No",14,"Excellent","Very High","80","Zero",7,2,"Good",7,7,0,7,5637
"1110",35,"No","Travel_Rarely",682,"Sales",18,"Four","Medical","1","1945","Medium","Male",71,"High","Two","Sales Executive","Low","Married",15975,0,"Y","No",16,"Excellent","Very High","80","One",6,2,"Bad",5,3,0,4,5631
"1111",35,"No","Non-Travel",208,"Research & Development",8,"Four","Life Sciences","1","1630","High","Female",52,"High","Two","Healthcare Representative","High","Married",12250,1,"Y","No",12,"Excellent","Very High","80","One",15,5,"Good",14,11,2,9,5737
"1112",59,"No","Travel_Rarely",1089,"Sales",1,"Two","Technical Degree","1","1048","Medium","Male",66,"High","Three","Manager","Very High","Married",11038,3,"Y","Yes",14,"Excellent","High","80","One",14,1,"Bad",6,4,0,4,12593
"1113",33,"Yes","Travel_Rarely",1277,"Research & Development",15,"One","Medical","1","582","Medium","Male",56,"High","Three","Manager","High","Married",24619,7,"Y","Yes",12,"Excellent","Very High","80","Zero",15,2,"Best",7,6,7,7,12671
"1114",50,"Yes","Travel_Frequently",562,"Sales",8,"Two","Technical Degree","1","723","Medium","Male",50,"High","Two","Sales Executive","High","Married",23452,3,"Y","Yes",14,"Excellent","Low","80","One",18,4,"Good",4,3,1,3,6081
"1115",47,"No","Travel_Rarely",1180,"Research & Development",25,"Three","Medical","1","1993","Low","Male",84,"High","Three","Healthcare Representative","High","Single",13084,2,"Y","No",23,"Outstanding","Medium","80","Zero",25,3,"Good",17,14,12,11,10008
"1116",27,"No","Travel_Frequently",1131,"Research & Development",15,"Three","Life Sciences","1","1870","Very High","Female",77,"Medium","One","Research Scientist","Low","Married",23844,0,"Y","No",19,"Excellent","Very High","80","One",8,2,"Better",7,6,7,3,2990
"1117",37,"No","Travel_Rarely",1305,"Research & Development",10,"Four","Life Sciences","1","518","High","Male",49,"High","Two","Manufacturing Director","Medium","Single",21123,2,"Y","Yes",12,"Excellent","Very High","80","Zero",18,2,"Better",1,0,0,1,6299
"1118",28,"No","Non-Travel",1476,"Research & Development",1,"Three","Life Sciences","1","1315","High","Female",55,"Low","Two","Laboratory Technician","Very High","Married",16392,0,"Y","No",11,"Excellent","Low","80","Three",10,6,"Good",9,8,7,5,4290
"1119",58,"No","Travel_Rarely",1272,"Research & Development",5,"Three","Technical Degree","1","940","High","Female",37,"Medium","Three","Healthcare Representative","Medium","Divorced",9255,2,"Y","Yes",13,"Excellent","Very High","80","One",24,3,"Good",6,0,0,4,9973
"1120",34,"No","Travel_Rarely",204,"Sales",14,"Three","Technical Degree","1","666","High","Female",31,"High","One","Sales Representative","High","Divorced",2912,1,"Y","Yes",18,"Excellent","Very High","80","Two",8,3,"Good",8,2,0,6,2795
"1121",50,"Yes","Travel_Rarely",410,"Sales",28,"Three","Marketing","1","2055","Very High","Male",39,"Medium","Three","Sales Executive","Low","Divorced",16586,4,"Y","Yes",13,"Excellent","Medium","80","One",20,3,"Good",3,2,2,0,9552
"1122",48,"No","Non-Travel",1262,"Research & Development",1,"Four","Medical","1","1116","Low","Male",35,"Very High","Four","Manager","Very High","Single",16154,2,"Y","No",22,"Outstanding","High","80","Zero",27,3,"Better",5,4,2,1,16321
"1123",31,"No","Travel_Frequently",1125,"Research & Development",1,"Three","Life Sciences","1","1956","Very High","Male",48,"Low","Two","Research Scientist","Low","Married",5771,1,"Y","No",21,"Outstanding","Medium","80","Zero",10,6,"Good",10,8,8,7,4716
"1124",45,"No","Non-Travel",1195,"Research & Development",2,"Two","Medical","1","264","Low","Male",65,"Medium","Four","Manager","Very High","Married",20462,9,"Y","No",23,"Outstanding","Very High","80","One",22,1,"Good",20,8,11,8,16062
"1125",34,"No","Travel_Rarely",1320,"Research & Development",20,"Three","Technical Degree","1","1265","High","Female",89,"Very High","One","Research Scientist","High","Married",21643,0,"Y","No",17,"Excellent","Very High","80","Zero",2,5,"Better",1,0,0,0,2849
"1126",19,"Yes","Travel_Frequently",602,"Sales",1,"One","Technical Degree","1","235","High","Female",100,"Low","One","Sales Representative","Low","Single",20989,0,"Y","No",21,"Outstanding","Low","80","Zero",1,5,"Best",0,0,0,0,2378
"1127",24,"Yes","Travel_Frequently",1287,"Research & Development",7,"Three","Life Sciences","1","647","Low","Female",55,"High","One","Laboratory Technician","High","Married",14168,1,"Y","Yes",16,"Excellent","Very High","80","One",6,4,"Good",6,3,1,2,2667
"1128",52,"No","Travel_Rarely",1325,"Research & Development",11,"Four","Life Sciences","1","813","Very High","Female",82,"High","Two","Laboratory Technician","High","Married",21821,8,"Y","No",20,"Outstanding","Medium","80","One",9,3,"Good",5,2,1,4,4578
"1129",41,"No","Travel_Rarely",334,"Sales",2,"Four","Life Sciences","1","410","Very High","Male",88,"High","Four","Manager","Medium","Single",15896,1,"Y","No",19,"Excellent","Medium","80","Zero",22,2,"Good",22,10,0,4,16292
"1130",22,"No","Travel_Rarely",217,"Research & Development",8,"One","Life Sciences","1","1019","Medium","Male",94,"Low","One","Laboratory Technician","Low","Married",6881,1,"Y","No",15,"Excellent","Low","80","One",4,3,"Better",4,3,1,1,2534
"1131",31,"No","Travel_Frequently",1327,"Research & Development",3,"Four","Medical","1","337","Medium","Male",73,"High","Three","Research Director","High","Divorced",13523,9,"Y","No",12,"Excellent","Low","80","One",9,3,"Good",2,2,2,2,12311
"1132",39,"No","Travel_Rarely",412,"Research & Development",13,"Four","Medical","1","1307","High","Female",94,"Medium","Four","Manager","Medium","Divorced",17334,6,"Y","Yes",13,"Excellent","Very High","80","Two",21,4,"Good",19,9,15,2,16254
"1133",42,"No","Travel_Rarely",622,"Research & Development",2,"Four","Life Sciences","1","659","High","Female",81,"High","Two","Healthcare Representative","Very High","Married",5718,1,"Y","No",13,"Excellent","Medium","80","Two",10,4,"Good",10,2,2,2,5912
"1134",38,"No","Travel_Frequently",148,"Research & Development",2,"Three","Medical","1","1675","Very High","Female",42,"Medium","One","Laboratory Technician","Medium","Single",23826,1,"Y","No",22,"Outstanding","Medium","80","Zero",4,3,"Good",4,3,3,3,2394
"1135",32,"Yes","Travel_Rarely",1033,"Research & Development",9,"Three","Medical","1","190","Low","Female",41,"High","One","Laboratory Technician","Low","Single",10224,7,"Y","No",22,"Outstanding","Low","80","Zero",10,2,"Best",5,4,0,4,2956
"1136",26,"No","Travel_Rarely",192,"Research & Development",1,"Two","Medical","1","1083","Low","Male",59,"Medium","One","Laboratory Technician","Low","Married",11141,1,"Y","No",16,"Excellent","Low","80","Two",6,2,"Good",5,3,1,3,2630
"1137",37,"No","Travel_Rarely",921,"Research & Development",10,"Three","Medical","1","486","High","Female",98,"High","One","Laboratory Technician","Low","Married",17663,6,"Y","No",20,"Outstanding","Medium","80","One",17,3,"Good",5,4,0,3,3288
"1138",41,"No","Travel_Frequently",1018,"Sales",1,"Three","Marketing","1","1349","High","Female",66,"High","Two","Sales Executive","Low","Divorced",4297,0,"Y","No",17,"Excellent","Very High","80","One",10,2,"Good",9,3,1,7,5752
"1139",38,"No","Travel_Rarely",119,"Sales",3,"Three","Life Sciences","1","307","Low","Male",76,"High","Three","Sales Executive","High","Divorced",9647,0,"Y","No",12,"Excellent","High","80","Two",17,6,"Better",16,10,5,13,9359
"1140",43,"No","Travel_Rarely",1291,"Research & Development",15,"Two","Life Sciences","1","1666","High","Male",65,"Medium","Four","Research Director","High","Married",3525,1,"Y","No",24,"Outstanding","Low","80","One",14,3,"Good",14,10,6,11,16099
"1141",31,"No","Travel_Rarely",1463,"Research & Development",23,"Three","Medical","1","367","Medium","Male",64,"Medium","Two","Healthcare Representative","Very High","Married",14408,0,"Y","No",21,"Outstanding","Medium","80","One",10,2,"Good",9,0,7,8,6039
"1142",42,"No","Travel_Rarely",691,"Sales",8,"Four","Marketing","1","35","High","Male",48,"High","Two","Sales Executive","Medium","Married",21173,0,"Y","No",11,"Excellent","Very High","80","One",10,2,"Good",9,7,4,2,5832
"1143",48,"No","Travel_Rarely",1355,"Research & Development",4,"Four","Life Sciences","1","1024","High","Male",78,"Medium","Three","Healthcare Representative","High","Single",22245,7,"Y","No",14,"Excellent","Medium","80","Zero",27,3,"Good",15,11,4,8,10134
"1144",28,"No","Travel_Rarely",821,"Sales",5,"Four","Medical","1","916","Low","Male",98,"High","Two","Sales Executive","Very High","Single",24252,1,"Y","No",14,"Excellent","Medium","80","Zero",4,3,"Good",4,2,0,2,5553
"1145",44,"No","Travel_Frequently",602,"Human Resources",1,"Five","Human Resources","1","1642","Low","Male",37,"High","Two","Human Resources","Very High","Married",10503,4,"Y","Yes",11,"Excellent","High","80","Zero",14,3,"Good",10,7,0,2,4845
"1146",45,"No","Travel_Rarely",374,"Sales",20,"Three","Life Sciences","1","2046","Very High","Female",50,"High","Two","Sales Executive","High","Single",23333,8,"Y","No",15,"Excellent","High","80","Zero",8,3,"Good",5,3,0,1,5684
"1147",34,"No","Travel_Rarely",628,"Research & Development",8,"Three","Medical","1","2068","Medium","Male",82,"Very High","Two","Laboratory Technician","High","Married",10228,2,"Y","No",12,"Excellent","Low","80","Zero",6,3,"Best",4,3,1,2,4323
"1148",31,"No","Travel_Rarely",471,"Research & Development",4,"Three","Medical","1","1916","Low","Female",62,"Very High","One","Laboratory Technician","High","Divorced",16031,8,"Y","No",12,"Excellent","Medium","80","One",4,0,"Better",2,2,2,2,2572
"1149",29,"No","Travel_Rarely",1010,"Research & Development",1,"Three","Life Sciences","1","1249","Low","Female",97,"High","One","Research Scientist","Very High","Divorced",5598,1,"Y","No",15,"Excellent","Low","80","Three",3,5,"Good",3,2,1,2,2852
"1150",30,"No","Travel_Rarely",288,"Research & Development",2,"Three","Life Sciences","1","117","High","Male",99,"Medium","Two","Healthcare Representative","Very High","Married",15830,1,"Y","No",19,"Excellent","Low","80","Three",11,3,"Good",11,10,10,8,5911
"1151",38,"No","Travel_Frequently",693,"Research & Development",7,"Three","Life Sciences","1","1382","Very High","Male",57,"Very High","One","Research Scientist","High","Divorced",15748,1,"Y","No",11,"Excellent","Very High","80","Three",4,2,"Good",4,2,0,3,2725
"1152",27,"No","Travel_Frequently",793,"Sales",2,"One","Life Sciences","1","1371","Very High","Male",43,"Low","Two","Sales Executive","Very High","Single",20392,3,"Y","No",20,"Outstanding","Medium","80","Zero",8,3,"Good",6,2,0,0,5619
"1153",54,"No","Travel_Frequently",928,"Research & Development",20,"Four","Life Sciences","1","450","Very High","Female",31,"High","Two","Research Scientist","High","Single",16885,3,"Y","No",12,"Excellent","Very High","80","Zero",20,4,"Better",4,3,0,3,5184
"1154",28,"Yes","Travel_Rarely",1485,"Research & Development",12,"One","Life Sciences","1","1175","High","Female",79,"High","One","Laboratory Technician","Very High","Married",22955,1,"Y","Yes",11,"Excellent","Very High","80","Zero",1,4,"Better",1,1,0,0,2577
"1155",49,"No","Travel_Rarely",470,"Research & Development",20,"Four","Medical","1","170","High","Female",96,"High","Two","Manufacturing Director","Low","Married",5549,1,"Y","No",14,"Excellent","High","80","Zero",16,2,"Better",15,11,5,11,6073
"1156",51,"No","Travel_Rarely",313,"Research & Development",3,"Three","Medical","1","258","Very High","Female",98,"High","Four","Healthcare Representative","Medium","Single",7192,3,"Y","No",18,"Excellent","High","80","Zero",21,6,"Good",7,7,1,0,13093
"1157",29,"Yes","Travel_Rarely",341,"Sales",1,"Three","Medical","1","896","Medium","Female",48,"Medium","One","Sales Representative","High","Divorced",23522,6,"Y","Yes",19,"Excellent","High","80","Three",5,3,"Good",3,2,0,2,2667
"1158",36,"No","Travel_Rarely",430,"Research & Development",2,"Four","Other","1","1847","Very High","Female",73,"High","Two","Research Scientist","Medium","Married",19573,4,"Y","Yes",22,"Outstanding","Very High","80","One",15,2,"Good",1,0,0,0,4989
"1159",27,"No","Travel_Rarely",199,"Research & Development",6,"Three","Life Sciences","1","1162","Very High","Male",55,"Medium","One","Research Scientist","High","Married",7950,1,"Y","No",13,"Excellent","High","80","One",4,0,"Good",4,2,2,2,2779
"1160",36,"No","Travel_Rarely",216,"Research & Development",6,"Two","Medical","1","178","Medium","Male",84,"High","Two","Manufacturing Director","Medium","Divorced",2819,6,"Y","No",20,"Outstanding","Very High","80","Two",7,0,"Good",3,2,0,1,5586
"1161",44,"Yes","Travel_Rarely",1097,"Research & Development",10,"Four","Life Sciences","1","1200","High","Male",96,"High","One","Research Scientist","High","Single",10826,1,"Y","Yes",11,"Excellent","High","80","Zero",6,4,"Good",6,4,0,2,3015
"1162",38,"No","Travel_Rarely",168,"Research & Development",1,"Three","Life Sciences","1","743","High","Female",81,"High","Three","Manufacturing Director","High","Single",15397,4,"Y","Yes",14,"Excellent","Very High","80","Zero",10,4,"Best",1,0,0,0,8994
"1163",29,"No","Travel_Frequently",574,"Research & Development",20,"One","Medical","1","1852","Very High","Male",40,"High","One","Laboratory Technician","Very High","Married",7003,1,"Y","No",13,"Excellent","Medium","80","Zero",11,3,"Best",11,8,3,10,2807
"1164",37,"No","Travel_Rarely",799,"Research & Development",1,"Three","Technical Degree","1","623","Medium","Female",59,"High","Three","Manufacturing Director","Very High","Single",23848,4,"Y","No",17,"Excellent","Very High","80","Zero",12,3,"Best",6,5,1,2,9189
"1165",26,"Yes","Travel_Frequently",887,"Research & Development",5,"Two","Medical","1","848","High","Female",88,"Medium","One","Research Scientist","High","Married",20898,1,"Y","Yes",14,"Excellent","Low","80","One",8,2,"Good",8,7,1,7,2953
"1166",32,"No","Travel_Frequently",116,"Research & Development",13,"Three","Other","1","1234","High","Female",77,"Medium","One","Laboratory Technician","Medium","Married",7331,1,"Y","No",20,"Outstanding","High","80","One",2,2,"Good",2,2,2,2,2290
"1167",40,"No","Travel_Rarely",1492,"Research & Development",20,"Four","Technical Degree","1","1092","Low","Male",61,"High","Three","Healthcare Representative","Very High","Married",26542,4,"Y","No",20,"Outstanding","Very High","80","One",14,6,"Good",11,10,11,1,9508
"1168",30,"No","Travel_Rarely",1082,"Sales",12,"Three","Technical Degree","1","533","Medium","Female",83,"High","Two","Sales Executive","High","Single",19558,0,"Y","No",11,"Excellent","Medium","80","Zero",6,6,"Good",5,4,4,4,5692
"1169",27,"No","Travel_Rarely",798,"Research & Development",6,"Four","Medical","1","655","Low","Female",66,"Medium","One","Research Scientist","High","Divorced",5013,0,"Y","No",12,"Excellent","High","80","Two",6,5,"Better",5,3,0,3,2969
"1170",37,"No","Travel_Rarely",290,"Research & Development",21,"Three","Life Sciences","1","267","Medium","Male",65,"Very High","One","Research Scientist","Low","Married",22977,1,"Y","Yes",12,"Excellent","Low","80","One",8,3,"Better",8,7,1,7,2992
